packet_no,timestamp,src_ip,dst_ip,src_port,dst_port,protocol,length,tcp_udp_flags,is_tls,is_quic,dns_query,sni,direction
1,1691657749.619195,157.240.214.60,10.0.2.15,443,47182,TCP,337,"ACK,PSH",True,False,,,
2,1691657749.813903,10.0.2.15,157.240.214.60,47182,443,TCP,147,"ACK,PSH",True,False,,,
3,1691657751.024947,10.0.2.15,157.240.214.60,47182,443,TCP,124,"ACK,PSH",True,False,,,
4,1691657752.855898,157.240.214.60,10.0.2.15,443,47182,TCP,131,"ACK,PSH",True,False,,,
5,1691657753.618446,157.240.214.60,10.0.2.15,443,47182,TCP,176,"ACK,PSH",True,False,,,
6,1691657753.691667,157.240.214.60,10.0.2.15,443,47182,TCP,318,"ACK,PSH",True,False,,,
7,1691657753.995253,10.0.2.15,157.240.214.60,47182,443,TCP,269,"ACK,PSH",True,False,,,
8,1691657754.260128,157.240.214.60,10.0.2.15,443,47182,TCP,165,"ACK,PSH",True,False,,,
9,1691657754.341561,10.0.2.15,157.240.214.60,47182,443,TCP,152,"ACK,PSH",True,False,,,
10,1691657754.389008,10.0.2.15,157.240.214.60,47182,443,TCP,150,"ACK,PSH",True,False,,,
11,1691657754.452934,157.240.214.60,10.0.2.15,443,47182,TCP,149,"ACK,PSH",True,False,,,
12,1691657754.51178,157.240.214.60,10.0.2.15,443,47182,TCP,150,"ACK,PSH",True,False,,,
13,1691657754.733312,157.240.214.60,10.0.2.15,443,47182,TCP,151,"ACK,PSH",True,False,,,
14,1691657755.334923,10.0.2.15,157.240.214.60,47182,443,TCP,147,"ACK,PSH",True,False,,,
15,1691657755.336209,10.0.2.15,157.240.214.60,47182,443,TCP,149,"ACK,PSH",True,False,,,
16,1691657755.339162,10.0.2.15,157.240.214.60,47182,443,TCP,150,"ACK,PSH",True,False,,,
17,1691657755.58694,10.0.2.15,157.240.214.60,47182,443,TCP,162,"ACK,PSH",True,False,,,
18,1691657755.776815,157.240.214.60,10.0.2.15,443,47182,TCP,149,"ACK,PSH",True,False,,,
19,1691657757.20171,157.240.214.60,10.0.2.15,443,47182,TCP,131,"ACK,PSH",True,False,,,
20,1691657757.441689,10.0.2.15,157.240.214.60,47182,443,TCP,124,"ACK,PSH",True,False,,,
21,1691657757.682948,10.0.2.15,157.240.214.60,47182,443,TCP,124,"ACK,PSH",True,False,,,
22,1691657758.16685,10.0.2.15,157.240.214.60,47182,443,TCP,124,"ACK,PSH",True,False,,,
23,1691657758.531407,157.240.214.60,10.0.2.15,443,47182,TCP,318,"ACK,PSH",True,False,,,
24,1691657758.650503,10.0.2.15,157.240.214.60,47182,443,TCP,124,"ACK,PSH",True,False,,,
25,1691657759.034722,10.0.2.15,157.240.214.60,47182,443,TCP,150,"ACK,PSH",True,False,,,
26,1691657759.337105,10.0.2.15,157.240.214.60,47182,443,TCP,124,"ACK,PSH",True,False,,,
27,1691657759.339677,10.0.2.15,157.240.214.60,47182,443,TCP,162,"ACK,PSH",True,False,,,
28,1691657759.41346,10.0.2.15,157.240.214.60,47182,443,TCP,84,"ACK,PSH",True,False,,,
29,1691657759.414088,10.0.2.15,157.240.214.60,47182,443,TCP,3005,"ACK,PSH",True,False,,,
30,1691657759.529789,157.240.214.60,10.0.2.15,443,47182,TCP,149,"ACK,PSH",True,False,,,
31,1691657759.609589,10.0.2.15,157.240.214.60,47182,443,TCP,124,"ACK,PSH",True,False,,,
32,1691657759.6107,157.240.214.60,10.0.2.15,443,47182,TCP,118,"ACK,PSH",True,False,,,
33,1691657760.072848,10.0.2.15,157.240.214.60,47182,443,TCP,124,"ACK,PSH",True,False,,,
34,1691657760.532231,157.240.214.60,10.0.2.15,443,47182,TCP,193,"ACK,PSH",True,False,,,
35,1691657760.646911,157.240.214.60,10.0.2.15,443,47182,TCP,192,"ACK,PSH",True,False,,,
36,1691657760.924142,10.0.2.15,157.240.214.60,47182,443,TCP,152,"ACK,PSH",True,False,,,
37,1691657760.979645,10.0.2.15,157.240.214.60,47182,443,TCP,151,"ACK,PSH",True,False,,,
38,1691657762.144764,157.240.214.60,10.0.2.15,443,47182,TCP,134,"ACK,PSH",True,False,,,
39,1691657764.147131,157.240.214.60,10.0.2.15,443,47182,TCP,450,"ACK,PSH",True,False,,,
40,1691657764.165893,10.0.2.15,157.240.214.60,47182,443,TCP,149,"ACK,PSH",True,False,,,
41,1691657764.181643,10.0.2.15,157.240.214.60,47182,443,TCP,150,"ACK,PSH",True,False,,,
42,1691657764.181818,10.0.2.15,157.240.214.60,47182,443,TCP,248,"ACK,PSH",True,False,,,
43,1691657764.181989,10.0.2.15,157.240.214.60,47182,443,TCP,150,"ACK,PSH",True,False,,,
44,1691657765.432923,157.240.214.60,10.0.2.15,443,47182,TCP,131,"ACK,PSH",True,False,,,
45,1691657767.681216,10.0.2.15,157.240.214.60,47182,443,TCP,269,"ACK,PSH",True,False,,,
46,1691657767.957209,157.240.214.60,10.0.2.15,443,47182,TCP,165,"ACK,PSH",True,False,,,
47,1691657768.141986,157.240.214.60,10.0.2.15,443,47182,TCP,149,"ACK,PSH",True,False,,,
48,1691657768.174737,10.0.2.15,157.240.214.60,47182,443,TCP,147,"ACK,PSH",True,False,,,
49,1691657768.228636,157.240.214.60,10.0.2.15,443,47182,TCP,150,"ACK,PSH",True,False,,,
50,1691657768.320805,10.0.2.15,157.240.214.60,47182,443,TCP,149,"ACK,PSH",True,False,,,
51,1691657770.703173,157.240.214.60,10.0.2.15,443,47182,TCP,350,"ACK,PSH",True,False,,,
52,1691657771.19757,10.0.2.15,157.240.214.60,47182,443,TCP,150,"ACK,PSH",True,False,,,
53,1691657771.439419,10.0.2.15,157.240.214.60,47182,443,TCP,162,"ACK,PSH",True,False,,,
54,1691657771.631416,157.240.214.60,10.0.2.15,443,47182,TCP,149,"ACK,PSH",True,False,,,
55,1691657771.992117,157.240.214.60,10.0.2.15,443,47182,TCP,151,"ACK,PSH",True,False,,,
56,1691657771.995975,10.0.2.15,157.240.214.60,47182,443,TCP,150,"ACK,PSH",True,False,,,
57,1691657772.70341,10.0.2.15,157.240.214.60,47182,443,TCP,124,"ACK,PSH",True,False,,,
58,1691657773.410059,157.240.214.60,10.0.2.15,443,47182,TCP,1132,"ACK,PSH",True,False,,,
59,1691657773.666484,10.0.2.15,157.240.214.60,47182,443,TCP,153,"ACK,PSH",True,False,,,
60,1691657777.407794,10.0.2.15,157.240.214.60,47182,443,TCP,269,"ACK,PSH",True,False,,,
61,1691657777.527698,10.0.2.15,157.240.214.60,47182,443,TCP,124,"ACK,PSH",True,False,,,
62,1691657777.682057,157.240.214.60,10.0.2.15,443,47182,TCP,165,"ACK,PSH",True,False,,,
63,1691657777.862059,157.240.214.60,10.0.2.15,443,47182,TCP,149,"ACK,PSH",True,False,,,
64,1691657777.868781,10.0.2.15,157.240.214.60,47182,443,TCP,147,"ACK,PSH",True,False,,,
65,1691657777.989692,157.240.214.60,10.0.2.15,443,47182,TCP,150,"ACK,PSH",True,False,,,
66,1691657778.028001,10.0.2.15,157.240.214.60,47182,443,TCP,149,"ACK,PSH",True,False,,,
67,1691657783.443413,10.0.2.15,157.240.214.60,47182,443,TCP,285,"ACK,PSH",True,False,,,
68,1691657783.666497,157.240.214.60,10.0.2.15,443,47182,TCP,165,"ACK,PSH",True,False,,,
69,1691657783.844762,157.240.214.60,10.0.2.15,443,47182,TCP,149,"ACK,PSH",True,False,,,
70,1691657783.859596,10.0.2.15,157.240.214.60,47182,443,TCP,147,"ACK,PSH",True,False,,,
71,1691657783.937991,157.240.214.60,10.0.2.15,443,47182,TCP,150,"ACK,PSH",True,False,,,
72,1691657783.960965,10.0.2.15,157.240.214.60,47182,443,TCP,149,"ACK,PSH",True,False,,,
73,1691657783.966564,157.240.214.60,10.0.2.15,443,47182,TCP,131,"ACK,PSH",True,False,,,
74,1691657784.078435,10.0.2.15,157.240.214.60,47182,443,TCP,124,"ACK,PSH",True,False,,,
75,1691657784.266775,157.240.214.60,10.0.2.15,443,47182,TCP,152,"ACK,PSH",True,False,,,
76,1691657784.332643,10.0.2.15,157.240.214.60,47182,443,TCP,150,"ACK,PSH",True,False,,,
77,1691657785.281247,157.240.214.60,10.0.2.15,443,47182,TCP,318,"ACK,PSH",True,False,,,
78,1691657785.610935,10.0.2.15,157.240.214.60,47182,443,TCP,150,"ACK,PSH",True,False,,,
79,1691657785.797916,10.0.2.15,157.240.214.60,47182,443,TCP,162,"ACK,PSH",True,False,,,
80,1691657785.988961,157.240.214.60,10.0.2.15,443,47182,TCP,149,"ACK,PSH",True,False,,,
81,1691657786.617046,157.240.214.60,10.0.2.15,443,47182,TCP,151,"ACK,PSH",True,False,,,
82,1691657786.627235,157.240.214.60,10.0.2.15,443,47182,TCP,151,"ACK,PSH",True,False,,,
83,1691657786.701573,10.0.2.15,157.240.214.60,47182,443,TCP,150,"ACK,PSH",True,False,,,
84,1691657786.756597,10.0.2.15,157.240.214.60,47182,443,TCP,150,"ACK,PSH",True,False,,,
85,1691657787.364276,157.240.214.60,10.0.2.15,443,47182,TCP,131,"ACK,PSH",True,False,,,
86,1691657787.364276,157.240.214.60,10.0.2.15,443,47182,TCP,152,"ACK,PSH",True,False,,,
87,1691657787.385984,10.0.2.15,157.240.214.60,47182,443,TCP,150,"ACK,PSH",True,False,,,
88,1691657787.57008,10.0.2.15,157.240.214.60,47182,443,TCP,124,"ACK,PSH",True,False,,,
89,1691657788.517502,157.240.214.60,10.0.2.15,443,47182,TCP,318,"ACK,PSH",True,False,,,
90,1691657788.80275,10.0.2.15,157.240.214.60,47182,443,TCP,150,"ACK,PSH",True,False,,,
91,1691657788.996051,10.0.2.15,157.240.214.60,47182,443,TCP,162,"ACK,PSH",True,False,,,
92,1691657789.064496,10.0.2.15,157.240.214.60,47182,443,TCP,124,"ACK,PSH",True,False,,,
93,1691657789.18412,157.240.214.60,10.0.2.15,443,47182,TCP,149,"ACK,PSH",True,False,,,
94,1691657790.699541,157.240.214.60,10.0.2.15,443,47182,TCP,281,"ACK,PSH",True,False,,,
95,1691657790.746202,10.0.2.15,157.240.214.60,47182,443,TCP,124,"ACK,PSH",True,False,,,
96,1691657790.747568,10.0.2.15,157.240.214.60,47182,443,TCP,128,"ACK,PSH",True,False,,,
97,1691657791.014587,10.0.2.15,157.240.214.60,47182,443,TCP,124,"ACK,PSH",True,False,,,
98,1691657792.632028,10.0.2.15,157.240.214.60,47182,443,TCP,124,"ACK,PSH",True,False,,,
99,1691657793.04111,10.0.2.15,157.240.214.60,47182,443,TCP,253,"ACK,PSH",True,False,,,
100,1691657793.294788,157.240.214.60,10.0.2.15,443,47182,TCP,165,"ACK,PSH",True,False,,,
101,1691657793.42691,10.0.2.15,157.240.214.60,47182,443,TCP,124,"ACK,PSH",True,False,,,
102,1691657793.471296,157.240.214.60,10.0.2.15,443,47182,TCP,149,"ACK,PSH",True,False,,,
103,1691657793.480921,10.0.2.15,157.240.214.60,47182,443,TCP,147,"ACK,PSH",True,False,,,
104,1691657793.574947,10.0.2.15,157.240.214.60,47182,443,TCP,124,"ACK,PSH",True,False,,,
105,1691657793.679623,157.240.214.60,10.0.2.15,443,47182,TCP,150,"ACK,PSH",True,False,,,
106,1691657793.760193,10.0.2.15,157.240.214.60,47182,443,TCP,149,"ACK,PSH",True,False,,,
107,1691657796.69272,157.240.214.60,10.0.2.15,443,47182,TCP,193,"ACK,PSH",True,False,,,
108,1691657796.699927,10.0.2.15,157.240.214.60,47182,443,TCP,150,"ACK,PSH",True,False,,,
109,1691657797.367636,10.0.2.15,157.240.214.60,47182,443,TCP,285,"ACK,PSH",True,False,,,
110,1691657797.589305,157.240.214.60,10.0.2.15,443,47182,TCP,165,"ACK,PSH",True,False,,,
111,1691657797.769694,157.240.214.60,10.0.2.15,443,47182,TCP,149,"ACK,PSH",True,False,,,
112,1691657797.777168,10.0.2.15,157.240.214.60,47182,443,TCP,147,"ACK,PSH",True,False,,,
113,1691657798.327563,157.240.214.60,10.0.2.15,443,47182,TCP,150,"ACK,PSH",True,False,,,
114,1691657798.478333,10.0.2.15,157.240.214.60,47182,443,TCP,149,"ACK,PSH",True,False,,,
115,1691657799.378902,157.240.214.60,10.0.2.15,443,47182,TCP,131,"ACK,PSH",True,False,,,
116,1691657800.313659,157.240.214.60,10.0.2.15,443,47182,TCP,318,"ACK,PSH",True,False,,,
117,1691657800.314847,157.240.214.60,10.0.2.15,443,47182,TCP,151,"ACK,PSH",True,False,,,
118,1691657800.338366,10.0.2.15,157.240.214.60,47182,443,TCP,149,"ACK,PSH",True,False,,,
119,1691657801.020496,10.0.2.15,157.240.214.60,47182,443,TCP,150,"ACK,PSH",True,False,,,
120,1691657801.233782,10.0.2.15,157.240.214.60,47182,443,TCP,162,"ACK,PSH",True,False,,,
121,1691657801.362361,157.240.214.60,10.0.2.15,443,47182,TCP,131,"ACK,PSH",True,False,,,
122,1691657801.421922,157.240.214.60,10.0.2.15,443,47182,TCP,149,"ACK,PSH",True,False,,,
123,1691657801.487331,157.240.214.60,10.0.2.15,443,47182,TCP,151,"ACK,PSH",True,False,,,
124,1691657801.493285,10.0.2.15,157.240.214.60,47182,443,TCP,150,"ACK,PSH",True,False,,,
125,1691657801.495687,157.240.214.60,10.0.2.15,443,47182,TCP,151,"ACK,PSH",True,False,,,
126,1691657801.498549,10.0.2.15,157.240.214.60,47182,443,TCP,150,"ACK,PSH",True,False,,,
127,1691657802.89138,157.240.214.60,10.0.2.15,443,47182,TCP,318,"ACK,PSH",True,False,,,
128,1691657803.25671,10.0.2.15,157.240.214.60,47182,443,TCP,150,"ACK,PSH",True,False,,,
129,1691657803.465171,10.0.2.15,157.240.214.60,47182,443,TCP,162,"ACK,PSH",True,False,,,
130,1691657803.652395,157.240.214.60,10.0.2.15,443,47182,TCP,149,"ACK,PSH",True,False,,,
131,1691657805.478869,10.0.2.15,157.240.214.60,47182,443,TCP,124,"ACK,PSH",True,False,,,
132,1691657806.815479,157.240.214.60,10.0.2.15,443,47182,TCP,131,"ACK,PSH",True,False,,,
133,1691657808.491305,10.0.2.15,157.240.214.60,47182,443,TCP,269,"ACK,PSH",True,False,,,
134,1691657808.548849,10.0.2.15,157.240.214.60,47182,443,TCP,124,"ACK,PSH",True,False,,,
135,1691657808.619321,157.240.214.60,10.0.2.15,443,47182,TCP,318,"ACK,PSH",True,False,,,
136,1691657808.768576,157.240.214.60,10.0.2.15,443,47182,TCP,165,"ACK,PSH",True,False,,,
137,1691657808.94957,157.240.214.60,10.0.2.15,443,47182,TCP,149,"ACK,PSH",True,False,,,
138,1691657809.139179,10.0.2.15,157.240.214.60,47182,443,TCP,150,"ACK,PSH",True,False,,,
139,1691657809.227458,157.240.214.60,10.0.2.15,443,47182,TCP,150,"ACK,PSH",True,False,,,
140,1691657809.512083,10.0.2.15,157.240.214.60,47182,443,TCP,147,"ACK,PSH",True,False,,,
141,1691657809.516518,10.0.2.15,157.240.214.60,47182,443,TCP,162,"ACK,PSH",True,False,,,
142,1691657809.518342,10.0.2.15,157.240.214.60,47182,443,TCP,149,"ACK,PSH",True,False,,,
143,1691657809.712283,157.240.214.60,10.0.2.15,443,47182,TCP,149,"ACK,PSH",True,False,,,
144,1691657809.925798,157.240.214.60,10.0.2.15,443,47182,TCP,151,"ACK,PSH",True,False,,,
145,1691657809.930472,10.0.2.15,157.240.214.60,47182,443,TCP,150,"ACK,PSH",True,False,,,
146,1691657811.271026,157.240.214.60,10.0.2.15,443,47182,TCP,131,"ACK,PSH",True,False,,,
147,1691657812.706192,157.240.214.60,10.0.2.15,443,47182,TCP,318,"ACK,PSH",True,False,,,
148,1691657813.462813,10.0.2.15,157.240.214.60,47182,443,TCP,124,"ACK,PSH",True,False,,,
149,1691657813.469073,10.0.2.15,157.240.214.60,47182,443,TCP,150,"ACK,PSH",True,False,,,
150,1691657813.769863,10.0.2.15,157.240.214.60,47182,443,TCP,162,"ACK,PSH",True,False,,,
151,1691657813.807272,10.0.2.15,157.240.214.60,47182,443,TCP,269,"ACK,PSH",True,False,,,
152,1691657813.961455,157.240.214.60,10.0.2.15,443,47182,TCP,149,"ACK,PSH",True,False,,,
153,1691657814.092058,157.240.214.60,10.0.2.15,443,47182,TCP,165,"ACK,PSH",True,False,,,
154,1691657814.270759,157.240.214.60,10.0.2.15,443,47182,TCP,149,"ACK,PSH",True,False,,,
155,1691657814.287725,10.0.2.15,157.240.214.60,47182,443,TCP,147,"ACK,PSH",True,False,,,
156,1691657814.383783,157.240.214.60,10.0.2.15,443,47182,TCP,150,"ACK,PSH",True,False,,,
157,1691657814.396253,10.0.2.15,157.240.214.60,47182,443,TCP,149,"ACK,PSH",True,False,,,
158,1691657815.537089,157.240.214.60,10.0.2.15,443,47182,TCP,151,"ACK,PSH",True,False,,,
159,1691657815.546683,10.0.2.15,157.240.214.60,47182,443,TCP,150,"ACK,PSH",True,False,,,
160,1691657816.500731,157.240.214.60,10.0.2.15,443,47182,TCP,131,"ACK,PSH",True,False,,,
161,1691657818.192201,157.240.214.60,10.0.2.15,443,47182,TCP,177,"ACK,PSH",True,False,,,
162,1691657818.200564,10.0.2.15,157.240.214.60,47182,443,TCP,152,"ACK,PSH",True,False,,,
163,1691657818.323048,157.240.214.60,10.0.2.15,443,47182,TCP,334,"ACK,PSH",True,False,,,
164,1691657818.595568,10.0.2.15,157.240.214.60,47182,443,TCP,150,"ACK,PSH",True,False,,,
165,1691657818.81579,10.0.2.15,157.240.214.60,47182,443,TCP,162,"ACK,PSH",True,False,,,
166,1691657819.00679,157.240.214.60,10.0.2.15,443,47182,TCP,149,"ACK,PSH",True,False,,,
167,1691657821.817627,157.240.214.60,10.0.2.15,443,47182,TCP,131,"ACK,PSH",True,False,,,
168,1691657823.406789,10.0.2.15,157.240.214.60,47182,443,TCP,124,"ACK,PSH",True,False,,,
169,1691657823.946039,157.240.214.60,10.0.2.15,443,47182,TCP,334,"ACK,PSH",True,False,,,
170,1691657824.225398,10.0.2.15,157.240.214.60,47182,443,TCP,150,"ACK,PSH",True,False,,,
171,1691657824.386554,10.0.2.15,157.240.214.60,47182,443,TCP,162,"ACK,PSH",True,False,,,
172,1691657824.543326,157.240.214.60,10.0.2.15,443,47182,TCP,131,"ACK,PSH",True,False,,,
173,1691657824.577755,157.240.214.60,10.0.2.15,443,47182,TCP,149,"ACK,PSH",True,False,,,
174,1691657825.54198,10.0.2.15,157.240.214.60,47182,443,TCP,124,"ACK,PSH",True,False,,,
175,1691657826.955289,10.0.2.15,157.240.214.60,47182,443,TCP,124,"ACK,PSH",True,False,,,
176,1691657827.256872,157.240.214.60,10.0.2.15,443,47182,TCP,334,"ACK,PSH",True,False,,,
177,1691657827.509363,157.240.214.60,10.0.2.15,443,47182,TCP,131,"ACK,PSH",True,False,,,
178,1691657827.535929,10.0.2.15,157.240.214.60,47182,443,TCP,150,"ACK,PSH",True,False,,,
179,1691657827.780091,10.0.2.15,157.240.214.60,47182,443,TCP,162,"ACK,PSH",True,False,,,
180,1691657827.972898,157.240.214.60,10.0.2.15,443,47182,TCP,149,"ACK,PSH",True,False,,,
181,1691657831.569301,157.240.214.60,10.0.2.15,443,47182,TCP,334,"ACK,PSH",True,False,,,
182,1691657831.743923,157.240.214.60,10.0.2.15,443,47182,TCP,131,"ACK,PSH",True,False,,,
183,1691657832.127563,10.0.2.15,157.240.214.60,47182,443,TCP,150,"ACK,PSH",True,False,,,
184,1691657832.473307,10.0.2.15,157.240.214.60,47182,443,TCP,162,"ACK,PSH",True,False,,,
185,1691657832.552784,157.240.214.60,10.0.2.15,443,47182,TCP,318,"ACK,PSH",True,False,,,
186,1691657832.665178,157.240.214.60,10.0.2.15,443,47182,TCP,149,"ACK,PSH",True,False,,,
187,1691657833.41212,10.0.2.15,157.240.214.60,47182,443,TCP,150,"ACK,PSH",True,False,,,
188,1691657833.515248,157.240.214.60,10.0.2.15,443,47182,TCP,131,"ACK,PSH",True,False,,,
189,1691657834.027409,10.0.2.15,157.240.214.60,47182,443,TCP,124,"ACK,PSH",True,False,,,
190,1691657834.039503,10.0.2.15,157.240.214.60,47182,443,TCP,301,"ACK,PSH",True,False,,,
191,1691657834.286929,157.240.214.60,10.0.2.15,443,47182,TCP,165,"ACK,PSH",True,False,,,
192,1691657834.462913,157.240.214.60,10.0.2.15,443,47182,TCP,149,"ACK,PSH",True,False,,,
193,1691657834.498846,10.0.2.15,157.240.214.60,47182,443,TCP,147,"ACK,PSH",True,False,,,
194,1691657834.534471,157.240.214.60,10.0.2.15,443,47182,TCP,150,"ACK,PSH",True,False,,,
195,1691657834.574689,10.0.2.15,157.240.214.60,47182,443,TCP,149,"ACK,PSH",True,False,,,
196,1691657836.010003,157.240.214.60,10.0.2.15,443,47182,TCP,334,"ACK,PSH",True,False,,,
197,1691657836.234319,10.0.2.15,157.240.214.60,47182,443,TCP,162,"ACK,PSH",True,False,,,
198,1691657836.423992,157.240.214.60,10.0.2.15,443,47182,TCP,149,"ACK,PSH",True,False,,,
199,1691657836.603884,10.0.2.15,157.240.214.60,47182,443,TCP,253,"ACK,PSH",True,False,,,
200,1691657836.94272,157.240.214.60,10.0.2.15,443,47182,TCP,165,"ACK,PSH",True,False,,,
201,1691657836.943698,10.0.2.15,157.240.214.60,47182,443,TCP,150,"ACK,PSH",True,False,,,
202,1691657836.948013,10.0.2.15,157.240.214.60,47182,443,TCP,162,"ACK,PSH",True,False,,,
203,1691657837.120444,157.240.214.60,10.0.2.15,443,47182,TCP,149,"ACK,PSH",True,False,,,
204,1691657837.136672,157.240.214.60,10.0.2.15,443,47182,TCP,149,"ACK,PSH",True,False,,,
205,1691657837.187787,157.240.214.60,10.0.2.15,443,47182,TCP,151,"ACK,PSH",True,False,,,
206,1691657837.261605,10.0.2.15,157.240.214.60,47182,443,TCP,147,"ACK,PSH",True,False,,,
207,1691657837.26554,10.0.2.15,157.240.214.60,47182,443,TCP,150,"ACK,PSH",True,False,,,
208,1691657837.387564,157.240.214.60,10.0.2.15,443,47182,TCP,150,"ACK,PSH",True,False,,,
209,1691657837.409911,10.0.2.15,157.240.214.60,47182,443,TCP,149,"ACK,PSH",True,False,,,
210,1691657838.838789,157.240.214.60,10.0.2.15,443,47182,TCP,151,"ACK,PSH",True,False,,,
211,1691657838.857706,10.0.2.15,157.240.214.60,47182,443,TCP,150,"ACK,PSH",True,False,,,
212,1691657839.057042,10.0.2.15,157.240.214.60,47182,443,TCP,124,"ACK,PSH",True,False,,,
213,1691657840.834981,157.240.214.60,10.0.2.15,443,47182,TCP,131,"ACK,PSH",True,False,,,
214,1691657842.027589,157.240.214.60,10.0.2.15,443,47182,TCP,318,"ACK,PSH",True,False,,,
215,1691657842.591366,10.0.2.15,157.240.214.60,47182,443,TCP,150,"ACK,PSH",True,False,,,
216,1691657842.859309,10.0.2.15,157.240.214.60,47182,443,TCP,162,"ACK,PSH",True,False,,,
217,1691657843.050724,157.240.214.60,10.0.2.15,443,47182,TCP,149,"ACK,PSH",True,False,,,
218,1691657844.325439,10.0.2.15,157.240.214.60,47182,443,TCP,124,"ACK,PSH",True,False,,,
219,1691657844.401256,10.0.2.15,157.240.214.60,47182,443,TCP,269,"ACK,PSH",True,False,,,
220,1691657844.625514,157.240.214.60,10.0.2.15,443,47182,TCP,165,"ACK,PSH",True,False,,,
221,1691657844.804311,157.240.214.60,10.0.2.15,443,47182,TCP,149,"ACK,PSH",True,False,,,
222,1691657844.82209,10.0.2.15,157.240.214.60,47182,443,TCP,147,"ACK,PSH",True,False,,,
223,1691657844.886495,157.240.214.60,10.0.2.15,443,47182,TCP,150,"ACK,PSH",True,False,,,
224,1691657844.905481,10.0.2.15,157.240.214.60,47182,443,TCP,149,"ACK,PSH",True,False,,,
225,1691657845.116066,157.240.214.60,10.0.2.15,443,47182,TCP,151,"ACK,PSH",True,False,,,
226,1691657845.175623,10.0.2.15,157.240.214.60,47182,443,TCP,150,"ACK,PSH",True,False,,,
227,1691657846.669384,157.240.214.60,10.0.2.15,443,47182,TCP,176,"ACK,PSH",True,False,,,
228,1691657846.684301,10.0.2.15,157.240.214.60,47182,443,TCP,152,"ACK,PSH",True,False,,,
229,1691657847.751161,10.0.2.15,157.240.214.60,47182,443,TCP,269,"ACK,PSH",True,False,,,
230,1691657848.007872,157.240.214.60,10.0.2.15,443,47182,TCP,165,"ACK,PSH",True,False,,,
231,1691657848.189874,157.240.214.60,10.0.2.15,443,47182,TCP,149,"ACK,PSH",True,False,,,
232,1691657848.197657,10.0.2.15,157.240.214.60,47182,443,TCP,147,"ACK,PSH",True,False,,,
233,1691657848.335572,157.240.214.60,10.0.2.15,443,47182,TCP,886,"ACK,PSH",True,False,,,
234,1691657848.357721,157.240.214.60,10.0.2.15,443,47182,TCP,150,"ACK,PSH",True,False,,,
235,1691657848.37961,10.0.2.15,157.240.214.60,47182,443,TCP,149,"ACK,PSH",True,False,,,
236,1691657848.497537,10.0.2.15,157.240.214.60,47182,443,TCP,147,"ACK,PSH",True,False,,,
237,1691657848.609877,10.0.2.15,157.240.214.60,47182,443,TCP,129,"ACK,PSH",True,False,,,
238,1691657848.798158,157.240.214.60,10.0.2.15,443,47182,TCP,1060,"ACK,PSH",True,False,,,
239,1691657849.301744,157.240.214.60,10.0.2.15,443,47182,TCP,193,"ACK,PSH",True,False,,,
240,1691657849.308427,10.0.2.15,157.240.214.60,47182,443,TCP,150,"ACK,PSH",True,False,,,
241,1691657849.590204,157.240.214.60,10.0.2.15,443,47182,TCP,151,"ACK,PSH",True,False,,,
242,1691657849.640323,10.0.2.15,157.240.214.60,47182,443,TCP,150,"ACK,PSH",True,False,,,
243,1691657851.541795,10.0.2.15,157.240.214.60,47182,443,TCP,124,"ACK,PSH",True,False,,,
244,1691657852.730757,157.240.214.60,10.0.2.15,443,47182,TCP,151,"ACK,PSH",True,False,,,
245,1691657852.734789,10.0.2.15,157.240.214.60,47182,443,TCP,149,"ACK,PSH",True,False,,,
246,1691657853.548014,157.240.214.60,10.0.2.15,443,47182,TCP,131,"ACK,PSH",True,False,,,
247,1691657855.859038,157.240.214.60,10.0.2.15,443,47182,TCP,319,"ACK,PSH",True,False,,,
248,1691657856.450101,10.0.2.15,157.240.214.60,47182,443,TCP,150,"ACK,PSH",True,False,,,
249,1691657856.801387,157.240.214.60,10.0.2.15,443,47182,TCP,193,"ACK,PSH",True,False,,,
250,1691657857.09715,10.0.2.15,157.240.214.60,47182,443,TCP,162,"ACK,PSH",True,False,,,
251,1691657857.285347,157.240.214.60,10.0.2.15,443,47182,TCP,149,"ACK,PSH",True,False,,,
252,1691657857.514997,10.0.2.15,157.240.214.60,47182,443,TCP,285,"ACK,PSH",True,False,,,
253,1691657857.735671,157.240.214.60,10.0.2.15,443,47182,TCP,165,"ACK,PSH",True,False,,,
254,1691657857.782519,10.0.2.15,157.240.214.60,47182,443,TCP,152,"ACK,PSH",True,False,,,
255,1691657857.914123,157.240.214.60,10.0.2.15,443,47182,TCP,149,"ACK,PSH",True,False,,,
256,1691657857.919213,10.0.2.15,157.240.214.60,47182,443,TCP,147,"ACK,PSH",True,False,,,
257,1691657858.007401,157.240.214.60,10.0.2.15,443,47182,TCP,150,"ACK,PSH",True,False,,,
258,1691657858.055202,10.0.2.15,157.240.214.60,47182,443,TCP,149,"ACK,PSH",True,False,,,
259,1691657859.328717,157.240.214.60,10.0.2.15,443,47182,TCP,151,"ACK,PSH",True,False,,,
260,1691657859.331837,10.0.2.15,157.240.214.60,47182,443,TCP,150,"ACK,PSH",True,False,,,
261,1691657862.318603,157.240.214.60,10.0.2.15,443,47182,TCP,131,"ACK,PSH",True,False,,,
262,1691657862.423322,10.0.2.15,157.240.214.60,47182,443,TCP,124,"ACK,PSH",True,False,,,
263,1691657863.096866,157.240.214.60,10.0.2.15,443,47182,TCP,319,"ACK,PSH",True,False,,,
264,1691657863.728863,10.0.2.15,157.240.214.60,47182,443,TCP,150,"ACK,PSH",True,False,,,
265,1691657863.956027,157.240.214.60,10.0.2.15,443,47182,TCP,131,"ACK,PSH",True,False,,,
266,1691657864.113723,10.0.2.15,157.240.214.60,47182,443,TCP,162,"ACK,PSH",True,False,,,
267,1691657864.302205,157.240.214.60,10.0.2.15,443,47182,TCP,149,"ACK,PSH",True,False,,,
268,1691657864.341874,157.240.214.60,10.0.2.15,443,47182,TCP,303,"ACK,PSH",True,False,,,
269,1691657864.941831,10.0.2.15,157.240.214.60,47182,443,TCP,150,"ACK,PSH",True,False,,,
270,1691657865.464676,10.0.2.15,157.240.214.60,47182,443,TCP,162,"ACK,PSH",True,False,,,
271,1691657865.654594,157.240.214.60,10.0.2.15,443,47182,TCP,149,"ACK,PSH",True,False,,,
272,1691657865.835351,10.0.2.15,157.240.214.60,47182,443,TCP,253,"ACK,PSH",True,False,,,
273,1691657866.0242,10.0.2.15,157.240.214.60,47182,443,TCP,124,"ACK,PSH",True,False,,,
274,1691657866.081777,157.240.214.60,10.0.2.15,443,47182,TCP,165,"ACK,PSH",True,False,,,
275,1691657866.253725,157.240.214.60,10.0.2.15,443,47182,TCP,149,"ACK,PSH",True,False,,,
276,1691657866.262992,10.0.2.15,157.240.214.60,47182,443,TCP,147,"ACK,PSH",True,False,,,
277,1691657866.581913,10.0.2.15,157.240.214.60,47182,443,TCP,124,"ACK,PSH",True,False,,,
278,1691657866.705982,157.240.214.60,10.0.2.15,443,47182,TCP,150,"ACK,PSH",True,False,,,
279,1691657866.763926,10.0.2.15,157.240.214.60,47182,443,TCP,149,"ACK,PSH",True,False,,,
280,1691657867.326017,157.240.214.60,10.0.2.15,443,47182,TCP,131,"ACK,PSH",True,False,,,
281,1691657869.621517,10.0.2.15,157.240.214.60,47182,443,TCP,124,"ACK,PSH",True,False,,,
282,1691657871.228206,10.0.2.15,157.240.214.60,47182,443,TCP,124,"ACK,PSH",True,False,,,
283,1691657872.118438,10.0.2.15,157.240.214.60,47182,443,TCP,124,"ACK,PSH",True,False,,,
284,1691657872.743409,10.0.2.15,157.240.214.60,47182,443,TCP,124,"ACK,PSH",True,False,,,
285,1691657873.758136,10.0.2.15,157.240.214.60,47182,443,TCP,124,"ACK,PSH",True,False,,,
286,1691657873.929804,157.240.214.60,10.0.2.15,443,47182,TCP,367,"ACK,PSH",True,False,,,
287,1691657874.629513,10.0.2.15,157.240.214.60,47182,443,TCP,150,"ACK,PSH",True,False,,,
288,1691657875.0998,10.0.2.15,157.240.214.60,47182,443,TCP,162,"ACK,PSH",True,False,,,
289,1691657875.11723,157.240.214.60,10.0.2.15,443,47182,TCP,151,"ACK,PSH",True,False,,,
290,1691657875.155959,10.0.2.15,157.240.214.60,47182,443,TCP,150,"ACK,PSH",True,False,,,
291,1691657875.291362,157.240.214.60,10.0.2.15,443,47182,TCP,149,"ACK,PSH",True,False,,,
292,1691657876.129272,10.0.2.15,157.240.214.60,47182,443,TCP,269,"ACK,PSH",True,False,,,
293,1691657876.416382,157.240.214.60,10.0.2.15,443,47182,TCP,165,"ACK,PSH",True,False,,,
294,1691657876.595152,157.240.214.60,10.0.2.15,443,47182,TCP,149,"ACK,PSH",True,False,,,
295,1691657876.603117,10.0.2.15,157.240.214.60,47182,443,TCP,147,"ACK,PSH",True,False,,,
296,1691657876.752336,157.240.214.60,10.0.2.15,443,47182,TCP,148,"ACK,PSH",True,False,,,
297,1691657876.755992,10.0.2.15,157.240.214.60,47182,443,TCP,147,"ACK,PSH",True,False,,,
298,1691657877.999599,10.0.2.15,157.240.214.60,47182,443,TCP,124,"ACK,PSH",True,False,,,
299,1691657878.447984,10.0.2.15,157.240.214.60,47182,443,TCP,124,"ACK,PSH",True,False,,,
300,1691657879.850858,10.0.2.15,157.240.214.60,47182,443,TCP,124,"ACK,PSH",True,False,,,
301,1691657880.312611,10.0.2.15,157.240.214.60,47182,443,TCP,124,"ACK,PSH",True,False,,,
302,1691657880.581895,10.0.2.15,157.240.214.60,47182,443,TCP,124,"ACK,PSH",True,False,,,
303,1691657884.578784,10.0.2.15,157.240.214.60,47182,443,TCP,253,"ACK,PSH",True,False,,,
304,1691657884.83699,157.240.214.60,10.0.2.15,443,47182,TCP,165,"ACK,PSH",True,False,,,
305,1691657885.014336,157.240.214.60,10.0.2.15,443,47182,TCP,149,"ACK,PSH",True,False,,,
306,1691657885.095733,10.0.2.15,157.240.214.60,47182,443,TCP,147,"ACK,PSH",True,False,,,
307,1691657885.406297,157.240.214.60,10.0.2.15,443,47182,TCP,148,"ACK,PSH",True,False,,,
308,1691657885.411331,10.0.2.15,157.240.214.60,47182,443,TCP,147,"ACK,PSH",True,False,,,
309,1691657885.648946,10.0.2.15,157.240.214.60,47182,443,TCP,124,"ACK,PSH",True,False,,,
310,1691657886.199433,10.0.2.15,157.240.214.60,47182,443,TCP,124,"ACK,PSH",True,False,,,
311,1691657887.075155,10.0.2.15,157.240.214.60,47182,443,TCP,124,"ACK,PSH",True,False,,,
312,1691657889.442993,157.240.214.60,10.0.2.15,443,47182,TCP,117,"ACK,PSH",True,False,,,
313,1691657891.034173,10.0.2.15,157.240.214.60,47182,443,TCP,124,"ACK,PSH",True,False,,,
314,1691657891.658133,10.0.2.15,157.240.214.60,47182,443,TCP,270,"ACK,PSH",True,False,,,
315,1691657891.952552,157.240.214.60,10.0.2.15,443,47182,TCP,165,"ACK,PSH",True,False,,,
316,1691657892.135173,157.240.214.60,10.0.2.15,443,47182,TCP,149,"ACK,PSH",True,False,,,
317,1691657892.239236,157.240.214.60,10.0.2.15,443,47182,TCP,333,"ACK,PSH",True,False,,,
318,1691657892.239236,157.240.214.60,10.0.2.15,443,47182,TCP,148,"ACK,PSH",True,False,,,
319,1691657892.300049,10.0.2.15,157.240.214.60,47182,443,TCP,147,"ACK,PSH",True,False,,,
320,1691657892.366886,10.0.2.15,157.240.214.60,47182,443,TCP,147,"ACK,PSH",True,False,,,
321,1691657892.537862,10.0.2.15,157.240.214.60,47182,443,TCP,135,"ACK,PSH",True,False,,,
322,1691657893.632349,157.240.214.60,10.0.2.15,443,47182,TCP,151,"ACK,PSH",True,False,,,
323,1691657893.636556,10.0.2.15,157.240.214.60,47182,443,TCP,150,"ACK,PSH",True,False,,,
324,1691657893.645163,157.240.214.60,10.0.2.15,443,47182,TCP,151,"ACK,PSH",True,False,,,
325,1691657893.648885,10.0.2.15,157.240.214.60,47182,443,TCP,150,"ACK,PSH",True,False,,,
326,1691657893.655216,157.240.214.60,10.0.2.15,443,47182,TCP,151,"ACK,PSH",True,False,,,
327,1691657893.658421,10.0.2.15,157.240.214.60,47182,443,TCP,150,"ACK,PSH",True,False,,,
328,1691657896.375514,10.0.2.15,157.240.214.60,47182,443,TCP,270,"ACK,PSH",True,False,,,
329,1691657896.672948,157.240.214.60,10.0.2.15,443,47182,TCP,165,"ACK,PSH",True,False,,,
330,1691657896.854006,157.240.214.60,10.0.2.15,443,47182,TCP,149,"ACK,PSH",True,False,,,
331,1691657896.88758,10.0.2.15,157.240.214.60,47182,443,TCP,147,"ACK,PSH",True,False,,,
332,1691657897.142007,157.240.214.60,10.0.2.15,443,47182,TCP,148,"ACK,PSH",True,False,,,
333,1691657897.142007,157.240.214.60,10.0.2.15,443,47182,TCP,154,"ACK,PSH",True,False,,,
334,1691657897.197564,10.0.2.15,157.240.214.60,47182,443,TCP,147,"ACK,PSH",True,False,,,
335,1691657897.218693,10.0.2.15,157.240.214.60,47182,443,TCP,152,"ACK,PSH",True,False,,,
336,1691657898.127245,10.0.2.15,157.240.214.60,47182,443,TCP,124,"ACK,PSH",True,False,,,
337,1691657902.281755,157.240.214.60,10.0.2.15,443,47182,TCP,210,"ACK,PSH",True,False,,,
338,1691657902.394127,10.0.2.15,157.240.214.60,47182,443,TCP,149,"ACK,PSH",True,False,,,
339,1691657903.501179,10.0.2.15,157.240.214.60,47182,443,TCP,124,"ACK,PSH",True,False,,,
340,1691657903.872479,10.0.2.15,157.240.214.60,47182,443,TCP,270,"ACK,PSH",True,False,,,
341,1691657904.12832,157.240.214.60,10.0.2.15,443,47182,TCP,165,"ACK,PSH",True,False,,,
342,1691657904.313405,157.240.214.60,10.0.2.15,443,47182,TCP,149,"ACK,PSH",True,False,,,
343,1691657904.317821,10.0.2.15,157.240.214.60,47182,443,TCP,147,"ACK,PSH",True,False,,,
344,1691657904.417833,157.240.214.60,10.0.2.15,443,47182,TCP,150,"ACK,PSH",True,False,,,
345,1691657904.443955,10.0.2.15,157.240.214.60,47182,443,TCP,149,"ACK,PSH",True,False,,,
346,1691657906.496462,10.0.2.15,157.240.214.60,47182,443,TCP,124,"ACK,PSH",True,False,,,
347,1691657906.583905,10.0.2.15,157.240.214.60,47182,443,TCP,270,"ACK,PSH",True,False,,,
348,1691657906.837542,157.240.214.60,10.0.2.15,443,47182,TCP,165,"ACK,PSH",True,False,,,
349,1691657907.016204,157.240.214.60,10.0.2.15,443,47182,TCP,149,"ACK,PSH",True,False,,,
350,1691657907.021162,10.0.2.15,157.240.214.60,47182,443,TCP,147,"ACK,PSH",True,False,,,
351,1691657907.234337,157.240.214.60,10.0.2.15,443,47182,TCP,150,"ACK,PSH",True,False,,,
352,1691657907.288168,10.0.2.15,157.240.214.60,47182,443,TCP,149,"ACK,PSH",True,False,,,
353,1691657908.333574,157.240.214.60,10.0.2.15,443,47182,TCP,131,"ACK,PSH",True,False,,,
354,1691657910.970514,10.0.2.15,157.240.214.60,47182,443,TCP,286,"ACK,PSH",True,False,,,
355,1691657911.243946,157.240.214.60,10.0.2.15,443,47182,TCP,165,"ACK,PSH",True,False,,,
356,1691657911.422105,157.240.214.60,10.0.2.15,443,47182,TCP,149,"ACK,PSH",True,False,,,
357,1691657911.427321,10.0.2.15,157.240.214.60,47182,443,TCP,147,"ACK,PSH",True,False,,,
358,1691657911.537932,157.240.214.60,10.0.2.15,443,47182,TCP,351,"ACK,PSH",True,False,,,
359,1691657911.776077,157.240.214.60,10.0.2.15,443,47182,TCP,150,"ACK,PSH",True,False,,,
360,1691657911.966396,157.240.214.60,10.0.2.15,443,47182,TCP,131,"ACK,PSH",True,False,,,
361,1691657912.131968,10.0.2.15,157.240.214.60,47182,443,TCP,150,"ACK,PSH",True,False,,,
362,1691657912.180237,10.0.2.15,157.240.214.60,47182,443,TCP,149,"ACK,PSH",True,False,,,
363,1691657912.666524,10.0.2.15,157.240.214.60,47182,443,TCP,162,"ACK,PSH",True,False,,,
364,1691657912.858675,157.240.214.60,10.0.2.15,443,47182,TCP,149,"ACK,PSH",True,False,,,
365,1691657913.890173,157.240.214.60,10.0.2.15,443,47182,TCP,151,"ACK,PSH",True,False,,,
366,1691657913.895789,10.0.2.15,157.240.214.60,47182,443,TCP,150,"ACK,PSH",True,False,,,
367,1691657913.903398,157.240.214.60,10.0.2.15,443,47182,TCP,151,"ACK,PSH",True,False,,,
368,1691657913.910652,10.0.2.15,157.240.214.60,47182,443,TCP,150,"ACK,PSH",True,False,,,
369,1691657913.917406,157.240.214.60,10.0.2.15,443,47182,TCP,151,"ACK,PSH",True,False,,,
370,1691657913.924771,157.240.214.60,10.0.2.15,443,47182,TCP,151,"ACK,PSH",True,False,,,
371,1691657913.927846,10.0.2.15,157.240.214.60,47182,443,TCP,150,"ACK,PSH",True,False,,,
372,1691657913.934706,10.0.2.15,157.240.214.60,47182,443,TCP,150,"ACK,PSH",True,False,,,
373,1691657914.877625,10.0.2.15,157.240.214.60,47182,443,TCP,124,"ACK,PSH",True,False,,,
374,1691657916.233184,157.240.214.60,10.0.2.15,443,47182,TCP,351,"ACK,PSH",True,False,,,
375,1691657916.776484,10.0.2.15,157.240.214.60,47182,443,TCP,150,"ACK,PSH",True,False,,,
376,1691657917.119646,10.0.2.15,157.240.214.60,47182,443,TCP,162,"ACK,PSH",True,False,,,
377,1691657917.30923,157.240.214.60,10.0.2.15,443,47182,TCP,149,"ACK,PSH",True,False,,,
378,1691657918.018643,157.240.214.60,10.0.2.15,443,47182,TCP,176,"ACK,PSH",True,False,,,
379,1691657918.044952,10.0.2.15,157.240.214.60,47182,443,TCP,152,"ACK,PSH",True,False,,,
380,1691657918.817117,157.240.214.60,10.0.2.15,443,47182,TCP,131,"ACK,PSH",True,False,,,
381,1691657920.91533,10.0.2.15,157.240.214.60,47182,443,TCP,124,"ACK,PSH",True,False,,,
382,1691657922.401582,10.0.2.15,157.240.214.60,47182,443,TCP,399,"ACK,PSH",True,False,,,
383,1691657922.662631,157.240.214.60,10.0.2.15,443,47182,TCP,165,"ACK,PSH",True,False,,,
384,1691657922.841398,157.240.214.60,10.0.2.15,443,47182,TCP,149,"ACK,PSH",True,False,,,
385,1691657922.856384,10.0.2.15,157.240.214.60,47182,443,TCP,147,"ACK,PSH",True,False,,,
386,1691657922.982969,157.240.214.60,10.0.2.15,443,47182,TCP,150,"ACK,PSH",True,False,,,
387,1691657923.025129,10.0.2.15,157.240.214.60,47182,443,TCP,149,"ACK,PSH",True,False,,,
388,1691657924.056615,10.0.2.15,157.240.214.60,47182,443,TCP,124,"ACK,PSH",True,False,,,
389,1691657925.677502,157.240.214.60,10.0.2.15,443,47182,TCP,176,"ACK,PSH",True,False,,,
390,1691657925.931624,157.240.214.60,10.0.2.15,443,47182,TCP,367,"ACK,PSH",True,False,,,
391,1691657926.147198,10.0.2.15,157.240.214.60,47182,443,TCP,254,"ACK,PSH",True,False,,,
392,1691657926.304946,157.240.214.60,10.0.2.15,443,47182,TCP,142,"ACK,PSH",True,False,,,
393,1691657926.381351,10.0.2.15,157.240.214.60,47182,443,TCP,152,"ACK,PSH",True,False,,,
394,1691657926.43706,157.240.214.60,10.0.2.15,443,47182,TCP,165,"ACK,PSH",True,False,,,
395,1691657926.591268,157.240.214.60,10.0.2.15,443,47182,TCP,131,"ACK,PSH",True,False,,,
396,1691657926.622277,157.240.214.60,10.0.2.15,443,47182,TCP,149,"ACK,PSH",True,False,,,
397,1691657926.6427,10.0.2.15,157.240.214.60,47182,443,TCP,150,"ACK,PSH",True,False,,,
398,1691657926.726572,157.240.214.60,10.0.2.15,443,47182,TCP,150,"ACK,PSH",True,False,,,
399,1691657926.910554,10.0.2.15,157.240.214.60,47182,443,TCP,126,"ACK,PSH",True,False,,,
400,1691657926.953244,10.0.2.15,157.240.214.60,47182,443,TCP,162,"ACK,PSH",True,False,,,
401,1691657926.970628,10.0.2.15,157.240.214.60,47182,443,TCP,147,"ACK,PSH",True,False,,,
402,1691657926.971753,10.0.2.15,157.240.214.60,47182,443,TCP,149,"ACK,PSH",True,False,,,
403,1691657927.134954,157.240.214.60,10.0.2.15,443,47182,TCP,151,"ACK,PSH",True,False,,,
404,1691657927.143078,157.240.214.60,10.0.2.15,443,47182,TCP,149,"ACK,PSH",True,False,,,
405,1691657927.143374,10.0.2.15,157.240.214.60,47182,443,TCP,150,"ACK,PSH",True,False,,,
406,1691657927.195477,157.240.214.60,10.0.2.15,443,47182,TCP,151,"ACK,PSH",True,False,,,
407,1691657927.203543,10.0.2.15,157.240.214.60,47182,443,TCP,150,"ACK,PSH",True,False,,,
408,1691657928.001661,157.240.214.60,10.0.2.15,443,47182,TCP,319,"ACK,PSH",True,False,,,
409,1691657928.346309,10.0.2.15,157.240.214.60,47182,443,TCP,150,"ACK,PSH",True,False,,,
410,1691657928.545224,157.240.214.60,10.0.2.15,443,47182,TCP,131,"ACK,PSH",True,False,,,
411,1691657928.751581,10.0.2.15,157.240.214.60,47182,443,TCP,162,"ACK,PSH",True,False,,,
412,1691657928.943013,157.240.214.60,10.0.2.15,443,47182,TCP,149,"ACK,PSH",True,False,,,
413,1691657929.410823,157.240.214.60,10.0.2.15,443,47182,TCP,303,"ACK,PSH",True,False,,,
414,1691657929.804129,157.240.214.60,10.0.2.15,443,47182,TCP,131,"ACK,PSH",True,False,,,
415,1691657929.884371,10.0.2.15,157.240.214.60,47182,443,TCP,150,"ACK,PSH",True,False,,,
416,1691657929.910384,10.0.2.15,157.240.214.60,47182,443,TCP,124,"ACK,PSH",True,False,,,
417,1691657930.059036,10.0.2.15,157.240.214.60,47182,443,TCP,162,"ACK,PSH",True,False,,,
418,1691657930.246614,157.240.214.60,10.0.2.15,443,47182,TCP,149,"ACK,PSH",True,False,,,
419,1691657930.628447,10.0.2.15,157.240.214.60,47182,443,TCP,124,"ACK,PSH",True,False,,,
420,1691657930.969086,10.0.2.15,157.240.214.60,47182,443,TCP,124,"ACK,PSH",True,False,,,
421,1691657933.619487,10.0.2.15,157.240.214.60,47182,443,TCP,254,"ACK,PSH",True,False,,,
422,1691657933.864843,157.240.214.60,10.0.2.15,443,47182,TCP,165,"ACK,PSH",True,False,,,
423,1691657934.046032,157.240.214.60,10.0.2.15,443,47182,TCP,149,"ACK,PSH",True,False,,,
424,1691657934.057238,10.0.2.15,157.240.214.60,47182,443,TCP,147,"ACK,PSH",True,False,,,
425,1691657934.422326,157.240.214.60,10.0.2.15,443,47182,TCP,150,"ACK,PSH",True,False,,,
426,1691657934.452837,157.240.214.60,10.0.2.15,443,47182,TCP,177,"ACK,PSH",True,False,,,
427,1691657934.457057,10.0.2.15,157.240.214.60,47182,443,TCP,149,"ACK,PSH",True,False,,,
428,1691657934.474467,10.0.2.15,157.240.214.60,47182,443,TCP,152,"ACK,PSH",True,False,,,
429,1691657934.746103,10.0.2.15,157.240.214.60,47182,443,TCP,124,"ACK,PSH",True,False,,,
430,1691657934.870241,157.240.214.60,10.0.2.15,443,47182,TCP,351,"ACK,PSH",True,False,,,
431,1691657935.75128,10.0.2.15,157.240.214.60,47182,443,TCP,150,"ACK,PSH",True,False,,,
432,1691657936.008001,10.0.2.15,157.240.214.60,47182,443,TCP,162,"ACK,PSH",True,False,,,
433,1691657936.129428,157.240.214.60,10.0.2.15,443,47182,TCP,151,"ACK,PSH",True,False,,,
434,1691657936.140155,10.0.2.15,157.240.214.60,47182,443,TCP,150,"ACK,PSH",True,False,,,
435,1691657936.204415,157.240.214.60,10.0.2.15,443,47182,TCP,149,"ACK,PSH",True,False,,,
436,1691657937.453711,10.0.2.15,157.240.214.60,47182,443,TCP,124,"ACK,PSH",True,False,,,
437,1691657938.455736,10.0.2.15,157.240.214.60,47182,443,TCP,124,"ACK,PSH",True,False,,,
438,1691657938.77234,157.240.214.60,10.0.2.15,443,47182,TCP,193,"ACK,PSH",True,False,,,
439,1691657938.852147,10.0.2.15,157.240.214.60,47182,443,TCP,152,"ACK,PSH",True,False,,,
440,1691657940.387172,157.240.214.60,10.0.2.15,443,47182,TCP,131,"ACK,PSH",True,False,,,
441,1691657940.38796,157.240.214.60,10.0.2.15,443,47182,TCP,153,"ACK,PSH",True,False,,,
442,1691657940.413088,10.0.2.15,157.240.214.60,47182,443,TCP,152,"ACK,PSH",True,False,,,
443,1691657941.379742,157.240.214.60,10.0.2.15,443,47182,TCP,192,"ACK,PSH",True,False,,,
444,1691657941.38517,10.0.2.15,157.240.214.60,47182,443,TCP,151,"ACK,PSH",True,False,,,
445,1691657942.053429,157.240.214.60,10.0.2.15,443,47182,TCP,319,"ACK,PSH",True,False,,,
446,1691657942.551572,10.0.2.15,157.240.214.60,47182,443,TCP,150,"ACK,PSH",True,False,,,
447,1691657942.77806,10.0.2.15,157.240.214.60,47182,443,TCP,162,"ACK,PSH",True,False,,,
448,1691657942.968142,157.240.214.60,10.0.2.15,443,47182,TCP,149,"ACK,PSH",True,False,,,
449,1691657943.967219,157.240.214.60,10.0.2.15,443,47182,TCP,153,"ACK,PSH",True,False,,,
450,1691657944.849892,10.0.2.15,157.240.214.60,47182,443,TCP,124,"ACK,PSH",True,False,,,
451,1691657944.903752,10.0.2.15,157.240.214.60,47182,443,TCP,286,"ACK,PSH",True,False,,,
452,1691657945.155154,157.240.214.60,10.0.2.15,443,47182,TCP,165,"ACK,PSH",True,False,,,
453,1691657945.220318,10.0.2.15,157.240.214.60,47182,443,TCP,152,"ACK,PSH",True,False,,,
454,1691657945.335838,157.240.214.60,10.0.2.15,443,47182,TCP,149,"ACK,PSH",True,False,,,
455,1691657945.350025,10.0.2.15,157.240.214.60,47182,443,TCP,147,"ACK,PSH",True,False,,,
456,1691657945.4124,157.240.214.60,10.0.2.15,443,47182,TCP,150,"ACK,PSH",True,False,,,
457,1691657945.440923,10.0.2.15,157.240.214.60,47182,443,TCP,149,"ACK,PSH",True,False,,,
458,1691657946.324967,157.240.214.60,10.0.2.15,443,47182,TCP,177,"ACK,PSH",True,False,,,
459,1691657946.331764,10.0.2.15,157.240.214.60,47182,443,TCP,152,"ACK,PSH",True,False,,,
460,1691657947.891524,10.0.2.15,157.240.214.60,47182,443,TCP,350,"ACK,PSH",True,False,,,
461,1691657948.157071,157.240.214.60,10.0.2.15,443,47182,TCP,165,"ACK,PSH",True,False,,,
462,1691657948.33629,157.240.214.60,10.0.2.15,443,47182,TCP,149,"ACK,PSH",True,False,,,
463,1691657948.345696,10.0.2.15,157.240.214.60,47182,443,TCP,147,"ACK,PSH",True,False,,,
464,1691657948.512333,157.240.214.60,10.0.2.15,443,47182,TCP,150,"ACK,PSH",True,False,,,
465,1691657948.524759,10.0.2.15,157.240.214.60,47182,443,TCP,149,"ACK,PSH",True,False,,,
466,1691657951.037001,10.0.2.15,157.240.214.60,47182,443,TCP,124,"ACK,PSH",True,False,,,
467,1691657952.119138,10.0.2.15,157.240.214.60,47182,443,TCP,124,"ACK,PSH",True,False,,,
468,1691657952.121328,10.0.2.15,157.240.214.60,47182,443,TCP,254,"ACK,PSH",True,False,,,
469,1691657952.436015,157.240.214.60,10.0.2.15,443,47182,TCP,165,"ACK,PSH",True,False,,,
470,1691657952.61307,157.240.214.60,10.0.2.15,443,47182,TCP,149,"ACK,PSH",True,False,,,
471,1691657952.617627,10.0.2.15,157.240.214.60,47182,443,TCP,147,"ACK,PSH",True,False,,,
472,1691657952.724152,157.240.214.60,10.0.2.15,443,47182,TCP,150,"ACK,PSH",True,False,,,
473,1691657952.738841,10.0.2.15,157.240.214.60,47182,443,TCP,149,"ACK,PSH",True,False,,,
474,1691657953.702465,10.0.2.15,157.240.214.60,47182,443,TCP,270,"ACK,PSH",True,False,,,
475,1691657953.950134,157.240.214.60,10.0.2.15,443,47182,TCP,165,"ACK,PSH",True,False,,,
476,1691657954.138318,157.240.214.60,10.0.2.15,443,47182,TCP,149,"ACK,PSH",True,False,,,
477,1691657954.144376,10.0.2.15,157.240.214.60,47182,443,TCP,147,"ACK,PSH",True,False,,,
478,1691657954.341222,157.240.214.60,10.0.2.15,443,47182,TCP,150,"ACK,PSH",True,False,,,
479,1691657954.368903,10.0.2.15,157.240.214.60,47182,443,TCP,149,"ACK,PSH",True,False,,,
480,1691657954.904156,10.0.2.15,157.240.214.60,47182,443,TCP,124,"ACK,PSH",True,False,,,
481,1691657956.269981,157.240.214.60,10.0.2.15,443,47182,TCP,131,"ACK,PSH",True,False,,,
482,1691657956.80824,157.240.214.60,10.0.2.15,443,47182,TCP,303,"ACK,PSH",True,False,,,
483,1691657957.348464,10.0.2.15,157.240.214.60,47182,443,TCP,150,"ACK,PSH",True,False,,,
484,1691657957.518958,10.0.2.15,157.240.214.60,47182,443,TCP,162,"ACK,PSH",True,False,,,
485,1691657957.709159,157.240.214.60,10.0.2.15,443,47182,TCP,149,"ACK,PSH",True,False,,,
486,1691657957.828716,157.240.214.60,10.0.2.15,443,47182,TCP,131,"ACK,PSH",True,False,,,
487,1691657958.045977,157.240.214.60,10.0.2.15,443,47182,TCP,151,"ACK,PSH",True,False,,,
488,1691657958.053485,10.0.2.15,157.240.214.60,47182,443,TCP,150,"ACK,PSH",True,False,,,
489,1691657958.056883,157.240.214.60,10.0.2.15,443,47182,TCP,151,"ACK,PSH",True,False,,,
490,1691657958.066833,157.240.214.60,10.0.2.15,443,47182,TCP,151,"ACK,PSH",True,False,,,
491,1691657958.070176,10.0.2.15,157.240.214.60,47182,443,TCP,150,"ACK,PSH",True,False,,,
492,1691657958.070678,10.0.2.15,157.240.214.60,47182,443,TCP,150,"ACK,PSH",True,False,,,
493,1691657958.071333,157.240.214.60,10.0.2.15,443,47182,TCP,151,"ACK,PSH",True,False,,,
494,1691657958.077592,10.0.2.15,157.240.214.60,47182,443,TCP,150,"ACK,PSH",True,False,,,
495,1691657958.503941,157.240.214.60,10.0.2.15,443,47182,TCP,303,"ACK,PSH",True,False,,,
496,1691657958.982695,10.0.2.15,157.240.214.60,47182,443,TCP,150,"ACK,PSH",True,False,,,
497,1691657959.110714,157.240.214.60,10.0.2.15,443,47182,TCP,131,"ACK,PSH",True,False,,,
498,1691657959.247482,10.0.2.15,157.240.214.60,47182,443,TCP,162,"ACK,PSH",True,False,,,
499,1691657959.438017,157.240.214.60,10.0.2.15,443,47182,TCP,149,"ACK,PSH",True,False,,,
500,1691657960.198978,157.240.214.60,10.0.2.15,443,47182,TCP,303,"ACK,PSH",True,False,,,
501,1691657960.645228,157.240.214.60,10.0.2.15,443,47182,TCP,131,"ACK,PSH",True,False,,,
502,1691657960.723025,10.0.2.15,157.240.214.60,47182,443,TCP,150,"ACK,PSH",True,False,,,
503,1691657961.008443,10.0.2.15,157.240.214.60,47182,443,TCP,162,"ACK,PSH",True,False,,,
504,1691657961.196638,157.240.214.60,10.0.2.15,443,47182,TCP,149,"ACK,PSH",True,False,,,
505,1691657961.604488,157.240.214.60,10.0.2.15,443,47182,TCP,303,"ACK,PSH",True,False,,,
506,1691657962.141713,157.240.214.60,10.0.2.15,443,47182,TCP,131,"ACK,PSH",True,False,,,
507,1691657962.158422,10.0.2.15,157.240.214.60,47182,443,TCP,150,"ACK,PSH",True,False,,,
508,1691657962.3348,10.0.2.15,157.240.214.60,47182,443,TCP,162,"ACK,PSH",True,False,,,
509,1691657962.523672,157.240.214.60,10.0.2.15,443,47182,TCP,149,"ACK,PSH",True,False,,,
510,1691657963.079634,157.240.214.60,10.0.2.15,443,47182,TCP,319,"ACK,PSH",True,False,,,
511,1691657963.504074,157.240.214.60,10.0.2.15,443,47182,TCP,131,"ACK,PSH",True,False,,,
512,1691657963.677276,10.0.2.15,157.240.214.60,47182,443,TCP,150,"ACK,PSH",True,False,,,
513,1691657963.864855,10.0.2.15,157.240.214.60,47182,443,TCP,162,"ACK,PSH",True,False,,,
514,1691657964.053673,157.240.214.60,10.0.2.15,443,47182,TCP,149,"ACK,PSH",True,False,,,
515,1691657965.014583,10.0.2.15,157.240.214.60,47182,443,TCP,302,"ACK,PSH",True,False,,,
516,1691657965.073367,157.240.214.60,10.0.2.15,443,47182,TCP,319,"ACK,PSH",True,False,,,
517,1691657965.257685,157.240.214.60,10.0.2.15,443,47182,TCP,165,"ACK,PSH",True,False,,,
518,1691657965.435848,157.240.214.60,10.0.2.15,443,47182,TCP,149,"ACK,PSH",True,False,,,
519,1691657965.66424,157.240.214.60,10.0.2.15,443,47182,TCP,150,"ACK,PSH",True,False,,,
520,1691657965.665207,157.240.214.60,10.0.2.15,443,47182,TCP,131,"ACK,PSH",True,False,,,
521,1691657965.864939,10.0.2.15,157.240.214.60,47182,443,TCP,150,"ACK,PSH",True,False,,,
522,1691657965.934147,10.0.2.15,157.240.214.60,47182,443,TCP,147,"ACK,PSH",True,False,,,
523,1691657966.116283,10.0.2.15,157.240.214.60,47182,443,TCP,149,"ACK,PSH",True,False,,,
524,1691657966.17755,10.0.2.15,157.240.214.60,47182,443,TCP,162,"ACK,PSH",True,False,,,
525,1691657966.368325,157.240.214.60,10.0.2.15,443,47182,TCP,149,"ACK,PSH",True,False,,,
526,1691657966.743295,157.240.214.60,10.0.2.15,443,47182,TCP,319,"ACK,PSH",True,False,,,
527,1691657966.950076,10.0.2.15,157.240.214.60,47182,443,TCP,150,"ACK,PSH",True,False,,,
528,1691657966.966664,157.240.214.60,10.0.2.15,443,47182,TCP,151,"ACK,PSH",True,False,,,
529,1691657967.125862,10.0.2.15,157.240.214.60,47182,443,TCP,162,"ACK,PSH",True,False,,,
530,1691657967.126962,10.0.2.15,157.240.214.60,47182,443,TCP,150,"ACK,PSH",True,False,,,
531,1691657967.31538,157.240.214.60,10.0.2.15,443,47182,TCP,149,"ACK,PSH",True,False,,,
532,1691657968.316493,157.240.214.60,10.0.2.15,443,47182,TCP,153,"ACK,PSH",True,False,,,
533,1691657968.324047,10.0.2.15,157.240.214.60,47182,443,TCP,152,"ACK,PSH",True,False,,,
